,accuracy,balanced_accuracy,precision,recall,f1,mcc,roc_auc,pr_auc,cv_pr_auc,cv_recall
logistic_regression,0.7054794520547946,0.7597942386831276,0.12312312312312312,0.82,0.21409921671018275,0.2391365273625224,0.8402057613168724,0.23093806147053514,0.22750290180087468,0.8142307692307693
random_forest,0.7328767123287672,0.7741975308641975,0.13442622950819672,0.82,0.23098591549295774,0.25852477716336514,0.8290740740740741,0.22132168614464387,0.18886682364058774,0.8241025641025642
extra_trees,0.7103718199608611,0.7623662551440329,0.125,0.82,0.21693121693121692,0.24245963648421825,0.8293004115226337,0.21468496481124455,0.18827678547132984,0.8441025641025641
xgboost,0.7788649706457925,0.7224897119341565,0.13636363636363635,0.66,0.22602739726027396,0.22578915574294797,0.784835390946502,0.2020536873353093,0.20108403131202154,0.6285897435897436
lightgbm,0.8542074363992173,0.7146707818930041,0.18064516129032257,0.56,0.2731707317073171,0.2581937175032517,0.8075205761316874,0.1798789490759889,0.21206015029036357,0.5582051282051282
catboost,0.8894324853228963,0.6098765432098765,0.16129032258064516,0.3,0.2097902097902098,0.16481767625764454,0.7899588477366255,0.1768787829312552,0.21131908935703683,0.3469230769230769
